said,930
that,904
have,689
with,668
they,531
from,397
this,368
time,356
rover,354
there,331
what,327
just,322
then,310
venkat,309
would,278
them,266
need,263
back,262
lewis,231
more,219
when,212
could,211
watney,209
about,207
right,190
mars,187
make,187
like,185
only,182
water,182
going,174
some,174
martinez,172
around,171
good,170
over,168
after,168
johanssen,168
suit,162
airlock,158
know,156
through,155
been,152
beck,152
work,146
take,145
enough,145
than,143
nasa,141
teddy,138
much,137
days,136
even,136
first,136
other,131
stil,127
here,126
were,124
down,124
asked,124
want,123
your,122
power,122
long,122
entry,121
oxygen,121
vogel,118
once,114
their,113
before,113
think,113
trailer,112
made,111
mitch,111
another,110
solar,110
sure,109
ares,107
mission,104
last,103
earth,100
thing,98
hermes,98
took,98
something,98
problem,97
every,96
meters,96
while,95
little,93
pathfinder,93
each,92
pressure,91
realy,90
hours,89
where,88
today,87
things,85
again,83
everything,82
working,82
left,81
should,80
regulator,80
keep,79
away,79
because,79
life,78
commander,78
also,78
shit,77
crew,76
launch,76
came,75
getting,75
which,74
three,74
storm,73
bruce,73
does,72
cels,72
annie,72
pretty,71
without,70
mindy,70
done,69
ship,69
yeah,69
canvas,69
room,69
course,68
fuel,67
plan,67
sols,67
space,66
anything,66
food,65
able,65
probe,65
minutes,64
bedroom,64
heat,63
probably,62
trip,62
mark,61
atmosphere,61
might,61
whole,60
computer,60
soil,60
people,59
very,59
until,59
nothing,59
battery,59
most,58
hydrogen,58
hole,58
used,58
oxygenator,57
smal,57
being,55
same,55
start,55
along,55
side,55
never,55
inside,54
idea,53
next,53
find,52
system,52
drive,52
looked,52
rest,51
anyway,51
night,50
come,49
bring,49
toward,49
better,49
thought,48
best,48
designed,48
schiapareli,48
fine,47
least,47
surface,46
almost,46
point,46
control,46
second,46
send,45
four,45
give,45
making,45
both,45
outside,45
doing,45
tomorrow,45
worked,45
brought,44
hard,44
line,44
seconds,44
went,44
orbit,43
great,43
part,43
place,43
into,43
turned,42
dead,42
seal,42
plenty,42
times,42
didn,41
support,41
spent,41
talk,41
reclaimer,41
damn,41
needed,41
ready,41
easy,41
flight,41
dril,41
door,41
guess,40
those,40
kind,40
tanks,40
maybe,39
martian,39
quickly,39
look,39
turn,39
found,39
test,39
during,39
lander,39
message,39
tank,38
behind,38
wait,38
against,38
potatoes,38
rich,38
rocks,38
camera,38
home,37
problems,37
landing,37
started,37
systems,37
check,37
means,37
already,37
together,37
hope,37
gets,37
looking,37
main,36
open,36
taking,36
crater,36
driving,36
everyone,35
supplies,35
lost,35
half,35
alive,35
wrong,35
less,35
head,35
supply,34
hour,34
remember,34
fucking,34
rovers,34
nice,34
temperature,34
panels,34
months,33
actualy,33
fast,33
area,33
ground,33
communication,33
sand,33
emergency,33
signal,33
weight,33
using,33
atmospheric,33
voice,33
takes,32
gave,32
within,32
longer,32
square,32
finaly,32
dangerous,32
hold,32
fuck,32
roof,32
years,31
ever,31
puled,31
face,31
high,31
figured,31
bunch,31
since,31
stay,31
batteries,31
velocity,31
copy,31
process,30
wanted,30
soon,30
stuff,30
mind,30
dust,30
hydrazine,30
intercept,30
attached,29
easier,29
screen,29
continued,29
knew,28
satelite,28
leave,28
return,28
happen,28
looks,28
perfect,28
spare,28
thinking,28
container,28
coming,28
patch,28
panel,28
later,27
having,27
break,27
doesn,27
news,27
many,27
short,27
cathy,27
morning,27
replied,27
iris,27
chapter,26
cause,26
resin,26
yesterday,26
plant,26
survive,26
deal,26
several,26
figure,26
ramp,26
cold,26
near,26
travel,26
move,26
watched,26
reported,26
director,26
anyone,26
south,26
booster,26
eventualy,25
normal,25
light,25
total,25
tried,25
stop,25
reached,25
between,25
moment,25
sleep,25
stood,25
else,25
goes,25
rescue,25
hands,25
mean,25
contact,25
jack,25
wasn,24
complete,24
houston,24
force,24
site,24
eyes,24
step,24
quick,24
status,24
radio,24
sorry,24
told,24
answer,24
needs,24
running,24
directly,24
comes,24
myself,24
past,24
hear,24
important,23
slow,23
though,23
wind,23
leaving,23
held,23
talking,23
body,23
clear,23
shape,23
makes,23
save,23
always,23
meter,23
liters,23
edge,23
help,23
under,23
outer,23
terrain,23
drove,23
smiled,23
faceplate,23
guys,22
breach,22
slowly,22
equipment,22
burn,22
close,22
thanks,22
plants,22
hand,22
bacteria,22
entire,22
potato,22
decided,22
forward,22
image,22
safe,22
holes,22
ming,22
missions,21
ascent,21
deep,21
sealed,21
itself,21
large,21
couple,21
reason,21
matter,21
table,21
press,21
across,21
electronics,21
software,21
gone,20
sent,20
case,20
pure,20
death,20
happy,20
weeks,20
earlier,20
instead,20
added,20
samples,20
math,20
five,20
trying,20
fire,20
chance,20
risk,20
front,20
single,20
data,20
astronaut,20
began,20
read,19
world,19
charge,19
real,19
suits,19
filters,19
dirt,19
exactly,19
these,19
internal,19
plus,19
liquid,19
heater,19
failure,19
minute,19
change,19
checked,19
such,19
leaned,19
email,19
team,19
sojourner,19
remaining,18
nearly,18
baloon,18
valve,18
stage,18
wouldn,18
dragged,18
rock,18
reach,18
lose,18
care,18
live,18
happened,18
energy,18
speed,18
engine,18
expected,18
extra,18
farm,18
shrugged,18
interrupted,18
kapoor,18
silence,18
moving,18
reply,18
taiyang,18
fucked,17
planet,17
amount,17
acceleration,17
land,17
fact,17
apart,17
helmet,17
works,17
whatever,17
store,17
completely,17
acidalia,17
gravity,17
usualy,17
critical,17
calories,17
questions,17
crops,17
alone,17
tent,17
question,17
blow,17
tape,17
note,17
strong,17
presupply,17
comm,17
name,17
numbers,17
thank,17
pick,17
insulation,17
loss,17
telemetry,17
caled,17
shen,17
different,16
location,16
coffee,16
turns,16
wide,16
spend,16
feed,16
meal,16
filed,16
opening,16
watching,16
story,16
finished,16
breath,16
heard,16
mostly,16
either,16
physical,16
chair,16
explained,16
seat,16
free,16
modifications,16
distance,16
tether,16
reactor,15
antenna,15
array,15
fortunately,15
medical,15
broken,15
flat,15
kilometers,15
weather,15
grow,15
degree,15
labor,15
huge,15
wear,15
faster,15
below,15
further,15
turning,15
barely,15
pressed,15
stared,15
phone,15
nose,15
sighed,15
opened,15
material,15
will,15
shut,15
headset,15
confirmed,14
cool,14
order,14
thin,14
stopped,14
nitrogen,14
became,14
moved,14
communicate,14
crewmates,14
planitia,14
year,14
metal,14
given,14
easily,14
floor,14
progress,14
current,14
sort,14
range,14
crap,14
setting,14
personal,14
runs,14
holding,14
fired,14
closed,14
heating,14
inner,14
spacesuit,14
worried,14
possible,14
bomb,14
puling,14
removed,14
damage,14
decision,14
center,14
satelites,14
public,14
entered,14
sirius,14
path,14
report,14
arms,14
valis,14
radioed,14
roger,14
floated,14
purnel,14
position,13
built,13
engines,13
constant,13
parts,13
felt,13
checking,13
giving,13
situation,13
broke,13
efficiency,13
botanist,13
evas,13
worth,13
window,13
cover,13
careful,13
sick,13
minor,13
lucky,13
rather,13
normaly,13
storage,13
plastic,13
watch,13
safety,13
holy,13
wearing,13
view,13
closer,13
detached,13
bridge,13
astronauts,13
launched,13
recharge,13
warm,13
miss,13
showed,13
lines,13
somewhere,13
phobos,13
code,13
controls,13
hoses,13
wire,13
considered,12
person,12
heavy,12
tiny,12
feel,12
aren,12
piece,12
middle,12
pain,12
buried,12
angle,12
leak,12
drop,12
carbon,12
week,12
sudden,12
covered,12
engineer,12
sending,12
growing,12
spread,12
rate,12
bringing,12
empty,12
project,12
consider,12
attention,12
dropped,12
lots,12
attach,12
awesome,12
final,12
maintain,12
often,12
smooth,12
necessary,12
explosion,12
perfectly,12
duct,12
seven,12
solution,12
sounds,12
shitty,12
waited,12
passed,12
solid,12
shook,12
picture,12
chuck,12
source,12
schedule,12
sitting,12
ahead,12
responded,12
planned,12
someone,11
died,11
wonder,11
explain,11
thrusters,11
trick,11
handle,11
risky,11
quite,11
remove,11
simple,11
training,11
carefuly,11
thrust,11
sense,11
procedure,11
design,11
blew,11
science,11
usual,11
create,11
pack,11
cramped,11
gives,11
keeping,11
boring,11
ideas,11
airlocks,11
tubing,11
checks,11
major,11
obvious,11
sample,11
plans,11
clean,11
according,11
venk,11
imagery,11
show,11
media,11
shift,11
park,11
station,11
teling,11
morris,11
remotely,11
walk,11
track,11
tell,11
file,11
caught,11
entrance,11
direction,11
folded,11
pressurized,11
maneuver,11
china,11
state,11
attitude,11
brendan,11
docking,11
arabia,11
terra,11
mawrth,11
marth,11
human,10
program,10
cost,10
orbits,10
mass,10
basicaly,10
pass,10
delicate,10
forever,10
nobody,10
dish,10
seem,10
supposed,10
probes,10
loose,10
ration,10
bottom,10
stand,10
placed,10
returned,10
breathing,10
sight,10
starting,10
botany,10
bags,10
adding,10
kiled,10
cubic,10
colect,10
comfortable,10
listening,10
survival,10
protein,10
danger,10
hundreds,10
reaction,10
limited,10
early,10
disco,10
happens,10
mess,10
feet,10
hurt,10
office,10
form,10
visible,10
images,10
kept,10
longitude,10
pointed,10
carry,10
agreed,10
knows,10
cards,10
remote,10
driling,10
jesus,10
payload,10
well,10
irene,10
exact,10
pointing,10
navigate,10
west,10
valey,10
components,10
sides,10
daylight,10
leaks,10
workbench,10
functional,10
assembled,10
degrees,10
eating,10
north,10
messages,10
sheet,10
inspections,10
urine,10
recording,10
elevation,10
certainly,9
chemical,9
throw,9
constantly,9
descent,9
purpose,9
including,9
sequence,9
sandstorm,9
engineers,9
missing,9
orbital,9
seen,9
breaks,9
starve,9
reserve,9
taken,9
mechanical,9
haven,9
base,9
extremely,9
however,9
picked,9
chicago,9
anymore,9
double,9
putting,9
milion,9
wiling,9
thick,9
smel,9
field,9
farmland,9
trips,9
vessel,9
gain,9
juice,9
release,9
voltage,9
known,9
lead,9
likely,9
breathe,9
pilot,9
spark,9
rubbed,9
noticed,9
hanging,9
grabbed,9
level,9
feeling,9
history,9
number,9
lighting,9
mumbled,9
satcon,9
obviously,9
quietly,9
must,9
laptop,9
please,9
says,9
suited,9
load,9
interior,9
nodded,9
testing,9
welcome,9
original,9
month,9
response,9
wheel,9
dark,9
pile,9
east,9
luck,9
wheels,9
makeshift,9
nonfunctional,9
computers,9
clock,9
bytes,9
silent,9
couch,9
experiments,9
play,9
walked,9
special,9
morse,9
depressurized,9
audio,9
guidance,9
brackets,9
thinks,8
reaching,8
love,8
unmanned,8
vehicle,8
humans,8
finish,8
dying,8
seeing,8
alarm,8
totaly,8
roled,8
blood,8
reduced,8
procedures,8
shot,8
event,8
stayed,8
none,8
leaves,8
sunlight,8
intended,8
piss,8
humidity,8
wals,8
wake,8
managed,8
sound,8
happening,8
digging,8
ones,8
based,8
healthy,8
literaly,8
higher,8
seems,8
drink,8
burned,8
valves,8
doors,8
losing,8
tents,8
hooked,8
themselves,8
simply,8
scenario,8
tools,8
bulky,8
mask,8
wires,8
levels,8
anywhere,8
released,8
uses,8
temperatures,8
lower,8
replace,8
headed,8
layers,8
bunk,8
true,8
tests,8
colapsed,8
information,8
research,8
stammered,8
charging,8
capcom,8
moments,8
flying,8
apolo,8
heaters,8
massive,8
issue,8
craft,8
removing,8
stable,8
compared,8
sometimes,8
points,8
fuly,8
straight,8
radiation,8
entirely,8
component,8
dump,8
definitely,8
write,8
besides,8
bigger,8
planning,8
folowing,8
online,8
size,8
task,8
missed,8
traveling,8
hook,8
transmission,8
third,8
zero,8
negative,8
crash,8
worry,8
connected,8
correct,8
mike,8
risks,8
seriously,8
altitude,8
bolts,8
flyby,8
drill,8
arec,8
powder,8
slope,8
basin,8
wattage,8
hundred,7
additional,7
operations,7
nervous,7
communications,7
worst,7
ripped,7
landed,7
weak,7
stick,7
tricky,7
threw,7
primary,7
late,7
folowed,7
immediately,7
external,7
fair,7
exposed,7
otherwise,7
stations,7
diagnostic,7
backup,7
played,7
useful,7
bilion,7
gathering,7
bulshit,7
living,7
worse,7
effort,7
walking,7
corner,7
colection,7
target,7
presuming,7
above,7
reduce,7
pieces,7
shows,7
tube,7
automaticaly,7
pushed,7
ended,7
hose,7
stupid,7
spel,7
tonight,7
balance,7
nine,7
chemistry,7
transfer,7
burst,7
direct,7
match,7
interesting,7
taped,7
hopefuly,7
chemist,7
wondering,7
lack,7
clothes,7
environment,7
really,7
unit,7
inflated,7
monitor,7
shoulder,7
hoped,7
difficult,7
hang,7
remained,7
realized,7
dense,7
slept,7
briefcase,7
windows,7
popped,7
latitude,7
slightly,7
drag,7
surprise,7
recharging,7
slid,7
port,7
cable,7
department,7
network,7
ability,7
seats,7
learned,7
draw,7
strips,7
full,7
beyond,7
option,7
nasty,7
watts,7
noon,7
compressed,7
tear,7
especialy,7
henderson,7
posted,7
adjustments,7
overnight,7
speaking,7
road,7
breakfast,7
waste,7
mentioned,7
fixed,7
baloons,7
impact,7
guessing,7
letters,7
ideal,7
operate,7
busy,7
strut,7
flexible,7
controler,7
paper,7
decompression,7
priority,7
instructions,7
doctor,7
brutal,7
ladder,7
affirmative,7
visual,7
percent,7
glued,7
soft,7
wish,7
glass,7
trouble,7
unlike,7
date,7
keler,7
opportunity,7
observation,7
meeting,7
shimmy,7
tested,7
council,7
chinese,7
camp,7
aboard,7
sleeping,7
blame,6
blah,6
firm,6
survived,6
powered,6
kiling,6
vessels,6
breached,6
route,6
storms,6
stranded,6
slammed,6
popping,6
steady,6
ways,6
somehow,6
spacesuits,6
useless,6
separate,6
woke,6
volume,6
stumbled,6
rise,6
local,6
meant,6
larger,6
motion,6
kilometer,6
electricity,6
twice,6
damned,6
requires,6
minimum,6
recover,6
serve,6
dedicate,6
kicking,6
hadn,6
dumped,6
evenly,6
family,6
music,6
starving,6
content,6
milions,6
estimate,6
manual,6
gaining,6
taters,6
hassle,6
poles,6
rough,6
saved,6
catch,6
react,6
incredibly,6
vent,6
scientific,6
struts,6
knowing,6
construction,6
output,6
nothin,6
chances,6
hardware,6
flame,6
abandoned,6
rocket,6
calm,6
pump,6
share,6
decide,6
folow,6
hasn,6
ends,6
require,6
annoying,6
fatal,6
eight,6
couldn,6
seemed,6
debris,6
sigh,6
atmospheres,6
limit,6
focus,6
noted,6
service,6
president,6
speech,6
words,6
prep,6
photo,6
announced,6
sign,6
intact,6
trudged,6
himself,6
circles,6
word,6
widened,6
kidding,6
facing,6
frowned,6
crewmate,6
required,6
odds,6
received,6
pondered,6
effect,6
become,6
figuring,6
hils,6
stacks,6
edges,6
undercarriage,6
complicated,6
impressive,6
stack,6
stretch,6
freezing,6
electrical,6
green,6
compartment,6
hammer,6
solved,6
immediate,6
folder,6
tight,6
eagleeye,6
weird,6
marcus,6
understand,6
thousands,6
adjusting,6
broadcast,6
excitedly,6
clever,6
packs,6
desert,6
movement,6
hoping,6
mistake,6
originaly,6
staying,6
conversation,6
pasadena,6
black,6
update,6
launches,6
smile,6
offline,6
flew,6
grabbing,6
radar,6
dock,6
shutdown,6
nearby,6
package,6
explosive,6
stretched,6
laid,6
shock,6
tool,6
chunk,6
trust,6
mounted,6
advantage,6
failed,6
stored,6
maurice,6
bolt,6
wife,6
desk,6
international,6
jiuquan,6
attachment,6
redundant,6
changes,6
reservoir,6
pils,6
robert,6
grab,6
relative,6
vacuum,6
particles,6
craters,6
mine,5
reading,5
fault,5
glad,5
prepared,5
sole,5
advance,5
naturaly,5
imagine,5
ridiculous,5
surviving,5
winds,5
certain,5
abort,5
torn,5
carried,5
suddenly,5
ears,5
wondered,5
steep,5
equalize,5
deliberately,5
readouts,5
excelent,5
hopeless,5
repairs,5
safer,5
others,5
crewman,5
gear,5
operating,5
hits,5
boil,5
emergencies,5
manage,5
luxury,5
excited,5
rugged,5
natural,5
previous,5
manure,5
fear,5
earned,5
mention,5
available,5
mixed,5
lovely,5
settled,5
dinner,5
reasonable,5
pointless,5
thousand,5
production,5
yield,5
desperate,5
trim,5
goal,5
exhausted,5
tired,5
company,5
enter,5
school,5
nerd,5
impossible,5
unnecessary,5
faling,5
sets,5
lateral,5
liberated,5
result,5
iridium,5
burning,5
maintenance,5
thread,5
clothing,5
smaler,5
dome,5
shouldn,5
pair,5
flow,5
bursts,5
readout,5
holds,5
poor,5
mother,5
wants,5
occurred,5
waiting,5
static,5
cooling,5
letting,5
blowing,5
controled,5
scheduled,5
keeps,5
condense,5
vents,5
actual,5
activated,5
locations,5
wonderful,5
blast,5
stuck,5
safely,5
layer,5
rose,5
diagnostics,5
returning,5
cleaning,5
dolar,5
analysis,5
sucks,5
learn,5
froze,5
chest,5
chin,5
ceiling,5
ordered,5
pics,5
corrected,5
notice,5
reporter,5
daily,5
cleared,5
health,5
operation,5
heading,5
specs,5
expensive,5
clamps,5
nowhere,5
cabin,5
harness,5
straps,5
bonus,5
driled,5
stacked,5
tied,5
grew,5
poirot,5
briliant,5
plutonium,5
self,5
arrive,5
specific,5
flag,5
strapped,5
friend,5
dick,5
fixing,5
build,5
delay,5
typed,5
postal,5
caused,5
terrible,5
unfortunately,5
changed,5
evening,5
wherever,5
technicaly,5
beacon,5
landmarks,5
river,5
geological,5
everywhere,5
woman,5
tetrahedron,5
deflated,5
reveal,5
rushed,5
central,5
assembly,5
rope,5
text,5
wave,5
knowledge,5
subtle,5
stole,5
repair,5
console,5
dance,5
ascii,5
rations,5
hack,5
furrowed,5
brow,5
demanded,5
hardly,5
sysop,5
tipped,5
visibility,5
tipping,5
carrying,5
climbing,5
tilt,5
couches,5
maneuvering,5
spacecraft,5
details,5
contained,5
harvest,5
absolutely,5
forces,5
confirm,5
perpendicular,5
cubes,5
smoke,5
cutting,5
length,5
seam,5
leverage,5
skipping,5
aside,5
still,5
harder,5
gathered,5
sludge,5
saying,5
american,5
scientists,5
list,5
snapped,5
quarters,5
composite,5
chunks,5
breaker,5
breakers,5
rear,5
bubble,5
stow,5
shelf,5
triangle,5
relax,5
depressurize,5
randal,5
deneb,5
enjoying,5
vehicles,5
sugar,5
opinion,4
ordinary,4
general,4
containers,4
weren,4
kilogram,4
kilograms,4
punishment,4
vaguely,4
knocked,4
torque,4
dioxide,4
asleep,4
mode,4
vented,4
lungs,4
alarms,4
sheer,4
escape,4
reference,4
trained,4
basic,4
tumbling,4
brief,4
margin,4
breaches,4
blown,4
liter,4
arrives,4
accounted,4
spending,4
provided,4
tasks,4
various,4
laughed,4
complex,4
active,4
toilet,4
successful,4
crop,4
transport,4
vicodin,4
viable,4
overal,4
handy,4
thanksgiving,4
morale,4
average,4
buys,4
generate,4
planted,4
unused,4
bunks,4
tables,4
traversing,4
efficient,4
deeper,4
bowl,4
physicaly,4
afford,4
cargo,4
prepare,4
sized,4
lights,4
provide,4
digital,4
countless,4
elements,4
egress,4
repeated,4
guessed,4
molecules,4
machine,4
habit,4
plain,4
root,4
ammonia,4
bitch,4
materials,4
memorial,4
colecting,4
access,4
chamber,4
proper,4
refiling,4
gloves,4
disappeared,4
addition,4
string,4
hung,4
angled,4
screwdriver,4
considering,4
electric,4
breaking,4
excess,4
technical,4
increased,4
reclaim,4
sucked,4
structure,4
explanation,4
prevent,4
upward,4
catastrophic,4
expect,4
nicely,4
worn,4
alow,4
standing,4
lately,4
junk,4
flooring,4
combined,4
kick,4
beautiful,4
emails,4
preparation,4
evac,4
fresh,4
concentrate,4
organization,4
twenty,4
afraid,4
rising,4
grumbled,4
herself,4
sipped,4
logs,4
picking,4
helo,4
beside,4
white,4
montrose,4
forehead,4
plugged,4
liftoff,4
assess,4
overtime,4
doomed,4
possibly,4
chairs,4
forgot,4
backups,4
reporters,4
conference,4
crowded,4
engaged,4
latest,4
lives,4
term,4
slower,4
overland,4
steal,4
instal,4
detach,4
attaching,4
instantly,4
books,4
idiot,4
forth,4
colder,4
radioactive,4
manned,4
replaced,4
bright,4
journey,4
random,4
battle,4
cables,4
driven,4
awkward,4
bored,4
hide,4
standard,4
pictures,4
rejected,4
shield,4
ditch,4
lighter,4
drain,4
positions,4
asking,4
pissed,4
schedules,4
committee,4
funding,4
bother,4
shields,4
signs,4
crack,4
poster,4
maps,4
technician,4
drew,4
smiling,4
success,4
hastily,4
trapped,4
pilow,4
outward,4
detailed,4
needle,4
named,4
guide,4
tracks,4
crawling,4
strange,4
rotate,4
lashed,4
firmly,4
bearing,4
rapidly,4
rendezvous,4
drives,4
wildly,4
platform,4
cancer,4
enjoy,4
brings,4
rested,4
extended,4
loading,4
broadcasting,4
applause,4
beamed,4
physics,4
raised,4
notes,4
round,4
staring,4
vertical,4
intervals,4
puts,4
letter,4
modified,4
government,4
byte,4
patches,4
wrote,4
involved,4
amazing,4
shaking,4
difference,4
updates,4
perhaps,4
rippled,4
exclaimed,4
steps,4
checklist,4
opposite,4
yeled,4
tons,4
quiet,4
violently,4
completed,4
smoother,4
gentle,4
triple,4
gotten,4
endured,4
reentry,4
acting,4
shitting,4
practiced,4
fibers,4
value,4
cloud,4
listened,4
leaking,4
giant,4
booth,4
fourth,4
fracture,4
hauled,4
hurry,4
wander,4
projected,4
count,4
sink,4
traveled,4
calculated,4
badly,4
typing,4
silently,4
calculations,4
believe,4
screens,4
echoed,4
slight,4
adjustment,4
readings,4
summary,4
elrond,4
cools,4
correctly,4
helena,4
keyboard,4
mutiny,4
drifting,4
ride,4
playing,4
disconnected,4
resistors,4
cord,4
david,4
tripped,4
pings,4
positive,4
consumption,4
loaded,4
bath,4
undercarriages,4
shelves,4
floating,4
gently,4
packed,4
circular,4
locked,4
western,4
flipped,4
booklet,4
iron,4
stopper,4
national,3
surely,3
begin,3
humanity,3
recovered,3
injection,3
nuclear,3
suffice,3
reasonably,3
neat,3
reactions,3
huddled,3
sustained,3
choice,3
parachute,3
tore,3
wound,3
counteract,3
admirably,3
trickle,3
portable,3
absorption,3
bloodletting,3
leaky,3
funnel,3
crested,3
screwed,3
equalized,3
entering,3
firing,3
secondary,3
dynamics,3
shorter,3
discussion,3
recovering,3
enemy,3
includes,3
cowling,3
lift,3
directions,3
hint,3
primitive,3
reaches,3
starts,3
shelter,3
rationing,3
minimal,3
vitamins,3
lethal,3
engineering,3
assuming,3
cancel,3
smart,3
rudimentary,3
communicating,3
whip,3
dedicated,3
sweeping,3
building,3
growth,3
grown,3
edible,3
feeding,3
saving,3
sophisticated,3
particular,3
dozens,3
germinate,3
doubled,3
concept,3
decades,3
sorts,3
backbreaking,3
filing,3
lunch,3
complication,3
master,3
technology,3
perimeter,3
sacrificed,3
precious,3
gods,3
house,3
former,3
beatles,3
caloric,3
grand,3
height,3
extend,3
continue,3
rescued,3
farming,3
ease,3
periods,3
estimates,3
starters,3
farmer,3
starvation,3
reducing,3
doubling,3
seed,3
logic,3
depends,3
rifled,3
crappy,3
accomplishment,3
frequent,3
unless,3
exit,3
magic,3
reserves,3
contain,3
whose,3
enters,3
properly,3
turbulence,3
atoms,3
appreciate,3
catalyst,3
harmless,3
suppose,3
replacement,3
storing,3
method,3
firstly,3
serious,3
shadow,3
cracked,3
wrench,3
protected,3
abundance,3
geologist,3
operational,3
hefty,3
chimney,3
invent,3
skils,3
narrow,3
search,3
items,3
colected,3
friction,3
humid,3
vandalized,3
drift,3
dear,3
future,3
happily,3
initial,3
surprised,3
gained,3
reasons,3
whenever,3
among,3
gasses,3
decides,3
gaseous,3
deliberate,3
listen,3
agree,3
martians,3
looting,3
bagged,3
rooting,3
sampling,3
pipe,3
canister,3
strap,3
revealed,3
finding,3
belonged,3
breathed,3
glanced,3
throughout,3
singed,3
places,3
glancing,3
proved,3
relief,3
present,3
combustion,3
leaked,3
airtight,3
exhale,3
absorb,3
absorbed,3
nope,3
leather,3
endure,3
doorway,3
swiveled,3
congress,3
fund,3
fraction,3
withstand,3
domain,3
secure,3
glared,3
awake,3
exciting,3
suspected,3
navigated,3
security,3
fidgeted,3
finger,3
puzzled,3
messed,3
lined,3
relations,3
parked,3
plug,3
board,3
ruined,3
supplied,3
strongest,3
imagination,3
insisted,3
independent,3
pinched,3
recently,3
currently,3
exploded,3
pocket,3
adjusted,3
pushing,3
insane,3
risking,3
sends,3
precision,3
piling,3
tech,3
bond,3
cabling,3
saddlebags,3
train,3
equal,3
shake,3
conclusion,3
swap,3
laying,3
rendered,3
admit,3
accurately,3
laps,3
christ,3
outdoors,3
affected,3
pelets,3
reliable,3
core,3
sections,3
cautiously,3
bare,3
predicted,3
scale,3
nature,3
joining,3
preparations,3
agency,3
homemade,3
forget,3
bitching,3
tracking,3
handling,3
promotion,3
biggest,3
upset,3
paperwork,3
capable,3
rare,3
teams,3
washington,3
stamps,3
printed,3
post,3
offices,3
chuckled,3
super,3
addressed,3
united,3
states,3
personality,3
interjected,3
cheerful,3
joke,3
leading,3
grueling,3
social,3
paused,3
dies,3
concern,3
heya,3
speakerphone,3
cleaned,3
awaited,3
routine,3
dismantle,3
nostalgic,3
business,3
navigation,3
magnetic,3
accurate,3
lighthouse,3
camped,3
strewn,3
climb,3
expecting,3
unfolded,3
hinge,3
condition,3
lifting,3
link,3
boom,3
rotating,3
sore,3
grade,3
grip,3
heavier,3
lugging,3
mixture,3
helped,3
feels,3
conditions,3
expert,3
interplanetary,3
common,3
attack,3
stretching,3
miserable,3
suiting,3
sake,3
unknown,3
connection,3
written,3
aimed,3
daddy,3
rarely,3
reboot,3
outdoor,3
bending,3
clue,3
blip,3
linked,3
action,3
detected,3
pumped,3
bones,3
panorama,3
directed,3
marty,3
rotation,3
suspended,3
sharpie,3
character,3
geeks,3
repeat,3
speak,3
concluded,3
meet,3
gasped,3
longest,3
schematics,3
beth,3
answered,3
funny,3
till,3
estimated,3
type,3
beginning,3
stepped,3
stars,3
shifted,3
passing,3
identical,3
english,3
centimeters,3
supports,3
cacophony,3
pressing,3
chaos,3
tilting,3
neither,3
restraints,3
structural,3
abandon,3
maintaining,3
standby,3
activating,3
thinner,3
painful,3
centripetal,3
shocked,3
expression,3
shifts,3
friends,3
duties,3
carefully,3
arrival,3
freeze,3
uncomfortable,3
advised,3
publicly,3
onboard,3
hull,3
bouncing,3
finally,3
results,3
instrumentation,3
tough,3
labeled,3
heated,3
lone,3
performed,3
tightened,3
paralel,3
hitting,3
amid,3
bounced,3
managing,3
sharp,3
lazy,3
drifted,3
placing,3
rectangle,3
stumpy,3
unlikely,3
fingers,3
capacity,3
mangled,3
launching,3
slamming,3
included,3
onward,3
recovery,3
refil,3
functioning,3
heads,3
mounting,3
whispered,3
corrections,3
courses,3
boss,3
duration,3
requirement,3
offered,3
vitamin,3
cape,3
countdown,3
halt,3
faces,3
folks,3
vacation,3
honestly,3
homes,3
handed,3
fails,3
anticipate,3
video,3
committed,3
blue,3
paced,3
private,3
timer,3
kits,3
contents,3
speled,3
disaster,3
scenarios,3
depleted,3
rapid,3
slipped,3
intermittent,3
spinning,3
axis,3
forlornly,3
tethered,3
americans,3
snorted,3
lifetime,3
shel,3
bars,3
gestured,3
papers,3
beer,3
german,3
accelerating,3
solve,3
adjust,3
rooms,3
sternly,3
speculation,3
coward,3
matched,3
peak,3
halway,3
enjoyed,3
hearing,3
override,3
disable,3
jump,3
feature,3
vector,3
comfortably,3
movie,3
modify,3
loosely,3
drilling,3
midday,3
cuts,3
awaiting,3
connections,3
melted,3
mylar,3
suck,3
supercooling,3
hurts,3
fifth,3
driver,3
customs,3
caffeine,3
young,3
republic,3
hate,3
marissa,3
escaping,3
rick,3
sweat,3
smalest,3
poured,3
accelerated,3
sealing,3
principle,3
wasted,3
pirate,3
navigating,3
shapes,3
dumping,3
camping,3
float,3
seams,3
blurry,3
attaches,3
workshop,3
generation,3
fold,3
canyon,3
chalenge,3
sextant,3
compare,3
pattern,3
trouvelot,3
faith,3
southwest,3
ridge,3
avoid,3
horizon,3
thicker,3
logging,3
cameras,3
loggers,3
pages,3
dunes,3
traveler,3
clamp,3
upside,3
righted,3
women,3
crawl,3
sleek,3
electrolyze,3
untethered,3
timekeeper,3
adjusters,3
sehr,3
clips,3
greatest,2
page,2
horizons,2
lowest,2
ranked,2
member,2
command,2
burns,2
argon,2
accelerate,2
exploration,2
deposited,2
tended,2
disappointed,2
discovered,2
gusts,2
spaceship,2
relayed,2
reception,2
antennae,2
painfuly,2
escaped,2
hopelessly,2
beeping,2
profound,2
abated,2
forced,2
strongly,2
copious,2
trickled,2
flooded,2
manageable,2
expended,2
limiting,2
toxicity,2
alerts,2
warning,2
astounding,2
drils,2
sticky,2
scream,2
agony,2
doffed,2
stitches,2
tertiary,2
powerful,2
relay,2
plowed,2
suffocate,2
explode,2
chute,2
valuable,2
seals,2
swept,2
repairing,2
insurance,2
stops,2
maximum,2
licking,2
meals,2
portion,2
multivitamins,2
morphine,2
resources,2
wandering,2
tinfoil,2
crewmember,2
faced,2
needless,2
famous,2
bacterial,2
activity,2
nutrients,2
seeds,2
species,2
hungry,2
cubs,2
university,2
hippies,2
compost,2
conserve,2
sily,2
simulate,2
replacing,2
population,2
smels,2
breed,2
asshole,2
brain,2
speculated,2
ordeal,2
depth,2
sped,2
minerals,2
paltry,2
spreading,2
wadded,2
blankets,2
uniforms,2
departed,2
shovel,2
feast,2
executed,2
sustainable,2
tide,2
portions,2
nutrition,2
occupants,2
overcome,2
farmers,2
interfering,2
bodies,2
younger,2
meaning,2
mood,2
demanding,2
prairie,2
frozen,2
cares,2
sprout,2
parasites,2
entertainment,2
prepped,2
frustrating,2
injured,2
fight,2
shelters,2
hooking,2
ingress,2
panic,2
button,2
trivial,2
indeed,2
spels,2
cast,2
episode,2
context,2
scratch,2
liberating,2
bundle,2
usefulness,2
terrifying,2
piloted,2
jetliner,2
deployed,2
exceeded,2
plausible,2
germans,2
becomes,2
increasingly,2
highly,2
detaching,2
provides,2
mistakes,2
accomplished,2
frankly,2
cooler,2
pried,2
briefly,2
quality,2
uniform,2
remains,2
skin,2
sizzled,2
radius,2
ziploc,2
lawn,2
scientist,2
knickknacks,2
flowing,2
privacy,2
religious,2
ignite,2
ribbons,2
palm,2
sticks,2
fucker,2
enclosed,2
messy,2
accustomed,2
rack,2
buckets,2
writing,2
terror,2
swimmingly,2
assumption,2
tels,2
condensation,2
account,2
consuming,2
retrospect,2
composed,2
tops,2
leads,2
surprisingly,2
sarcasm,2
survives,2
confident,2
chily,2
warmth,2
refused,2
imbalance,2
intakes,2
mouth,2
poked,2
intake,2
freedom,2
rubber,2
band,2
convinced,2
custom,2
breather,2
thumb,2
sparker,2
flicked,2
switch,2
elated,2
clearing,2
dizzy,2
prone,2
amiss,2
truth,2
stumbling,2
boot,2
identified,2
separating,2
reluctant,2
assume,2
afterward,2
surrounding,2
stays,2
neck,2
celebrate,2
century,2
courtesy,2
deserved,2
screwing,2
outrun,2
johnson,2
praising,2
comrade,2
salvage,2
threat,2
colapse,2
securing,2
secret,2
sticking,2
denied,2
obsession,2
ludicrous,2
searching,2
relieved,2
intranet,2
annoyed,2
seated,2
inspected,2
touching,2
document,2
tears,2
unsure,2
helping,2
magnitude,2
windstorm,2
sliding,2
parents,2
groaned,2
amperage,2
strike,2
announcement,2
utter,2
noise,2
conferences,2
countered,2
crammed,2
throat,2
cascaded,2
request,2
seti,2
focused,2
assign,2
activities,2
answers,2
promise,2
rescuing,2
loses,2
lands,2
efficiently,2
trajectory,2
scary,2
guarantee,2
beautifuly,2
experimentation,2
mobile,2
scare,2
presumes,2
deactivate,2
outright,2
minus,2
eats,2
convenient,2
stronger,2
deemed,2
glorious,2
lightweight,2
maximizing,2
cushion,2
handles,2
anchor,2
endless,2
agatha,2
christie,2
liking,2
hercule,2
affair,2
ominous,2
charged,2
prefer,2
learning,2
spot,2
randomly,2
thermodynamics,2
entropy,2
generator,2
atomic,2
rtgs,2
scrub,2
sits,2
prospect,2
assembling,2
pole,2
avoiding,2
disconcerting,2
tearing,2
cooled,2
advanced,2
lasted,2
pushes,2
updating,2
comfort,2
rely,2
taught,2
filter,2
model,2
produce,2
circle,2
deadly,2
affect,2
pleasure,2
european,2
theirs,2
preparing,2
presupplies,2
reminds,2
quit,2
cautioned,2
lighten,2
authority,2
urgent,2
discussed,2
calmly,2
arise,2
planets,2
delta,2
saturn,2
talked,2
juggling,2
pulling,2
millions,2
knock,2
basics,2
commemorative,2
memory,2
sold,2
dropping,2
guest,2
personaly,2
psych,2
particularly,2
stress,2
fits,2
group,2
respond,2
prepping,2
formed,2
frequencies,2
sensitive,2
ribbon,2
mechanism,2
terminating,2
peered,2
gift,2
sipping,2
drawing,2
technicians,2
notebook,2
grinned,2
sneaky,2
falen,2
dawn,2
shave,2
darkness,2
shirt,2
smoothed,2
tending,2
carl,2
faint,2
microscopic,2
fearless,2
leader,2
references,2
blank,2
areas,2
hamelin,2
receded,2
chore,2
landscape,2
foot,2
determined,2
simulated,2
spun,2
wandered,2
bulk,2
contingency,2
budge,2
credit,2
angles,2
towed,2
tree,2
feat,2
establish,2
assumes,2
ancient,2
experimented,2
charm,2
duty,2
bagging,2
miracle,2
venus,2
obey,2
choosing,2
fiber,2
practice,2
skimming,2
declared,2
sweet,2
wiring,2
leaning,2
harsh,2
waves,2
block,2
transmissions,2
ditched,2
thoroughly,2
landers,2
somewhat,2
piled,2
optimal,2
breeze,2
repaired,2
delaying,2
showing,2
performing,2
imager,2
fist,2
interact,2
finishing,2
permitted,2
rabbit,2
doin,2
connect,2
coruscated,2
displayed,2
stripes,2
handwritten,2
receiving,2
card,2
characters,2
values,2
expressed,2
digits,2
pairs,2
spell,2
increments,2
destroyed,2
puncture,2
extreme,2
trevor,2
channel,2
homing,2
parsed,2
insert,2
accept,2
cheering,2
files,2
star,2
scrape,2
scraping,2
mental,2
reflect,2
ayyyyyy,2
cradling,2
paid,2
responsibility,2
transcribed,2
boiled,2
unpleasant,2
botanists,2
stake,2
language,2
congratulations,2
ignoring,2
sooner,2
pleasant,2
dream,2
brand,2
navy,2
wordlessly,2
jumpsuit,2
shower,2
shuffled,2
cupboard,2
packet,2
clumsily,2
reports,2
authorized,2
needlessly,2
figures,2
donned,2
undulated,2
grams,2
split,2
gust,2
rougher,2
gale,2
panted,2
emotion,2
officialy,2
scrubbed,2
understood,2
pulse,2
shuffling,2
fals,2
fought,2
unable,2
bits,2
grunting,2
orders,2
proximity,2
frame,2
nosecone,2
slowing,2
prolonged,2
thrusts,2
malfunction,2
igniting,2
lateraly,2
defined,2
soared,2
rocked,2
experienced,2
weightlessness,2
lasting,2
backlog,2
completing,2
mere,2
devised,2
function,2
adjacent,2
videos,2
laptops,2
stresses,2
disbelief,2
celebrations,2
godforsaken,2
employees,2
minded,2
spectacular,2
woven,2
resulting,2
dumps,2
colonized,2
mail,2
worker,2
strip,2
inspection,2
clipboard,2
hohmann,2
lonely,2
vast,2
shipping,2
plane,2
ensure,2
upon,2
screaming,2
loop,2
mothers,2
uneventful,2
needing,2
aerobraking,2
balloons,2
deflating,2
baths,2
refrigeration,2
ensured,2
exterior,2
independence,2
strain,2
shuddered,2
yielding,2
width,2
expiration,2
closest,2
shrunk,2
depressurization,2
weakened,2
cannonbal,2
brunt,2
conscious,2
bearings,2
intently,2
hiss,2
touched,2
gaping,2
effectively,2
judging,2
wisp,2
flammable,2
hair,2
refined,2
increase,2
hairline,2
experiment,2
sayin,2
sheers,2
knee,2
glue,2
chiseled,2
gram,2
backache,2
flaws,2
rupture,2
alows,2
reflective,2
pinned,2
freely,2
slowed,2
measure,2
handiwork,2
ventured,2
thorough,2
rigid,2
vital,2
lying,2
detachment,2
include,2
patched,2
repressurized,2
unharmed,2
relays,2
cycle,2
alternate,2
dealing,2
tumbler,2
norm,2
impacts,2
sublimation,2
electronic,2
goddess,2
cubicle,2
continuing,2
sank,2
calculate,2
calculating,2
summarize,2
bear,2
mount,2
diet,2
ample,2
typical,2
canaveral,2
printouts,2
cups,2
littered,2
supercomputer,2
deck,2
bunkroom,2
cafeteria,2
gather,2
prop,2
televisions,2
glance,2
networks,2
employee,2
strength,2
largest,2
crowd,2
ignition,2
plume,2
racing,2
cheered,2
pitch,2
effects,2
rattled,2
similar,2
forcing,2
violent,2
unexpected,2
coasted,2
jolt,2
immense,2
considerably,2
defect,2
succession,2
failures,2
limp,2
lock,2
rang,2
administration,2
compeled,2
warn,2
nations,2
military,2
secrecy,2
classified,2
gobi,2
heaviest,2
providing,2
agreement,2
political,2
translator,2
governments,2
processed,2
glasses,2
sailors,2
crazy,2
commented,2
safest,2
weigh,2
intense,2
forgotten,2
buying,2
kill,2
occasional,2
destroy,2
preserve,2
assist,2
shoot,2
options,2
decisions,2
halfway,2
doable,2
delays,2
hiccups,2
nerds,2
deciding,2
discuss,2
cowboy,2
rules,2
minds,2
convincing,2
yourself,2
sheesh,2
loves,2
uplink,2
kinder,2
children,2
eyebrow,2
capitalized,2
bremen,2
maximize,2
shared,2
granted,2
plot,2
execute,2
malicious,2
hutch,2
diligent,2
role,2
observed,2
consistent,2
proof,2
resupply,2
stunt,2
enacting,2
warned,2
choked,2
shitload,2
averaged,2
pressurize,2
chisel,2
drills,2
tripping,2
stolen,2
easiest,2
bite,2
chip,2
overheat,2
spec,2
godawful,2
cheer,2
lacking,2
amazingly,2
survivor,2
chipping,2
chips,2
relocate,2
realize,2
lump,2
acknowledge,2
troubleshooting,2
closely,2
miliamps,2
kinds,2
regulate,2
passes,2
electrolysis,2
yank,2
separated,2
pumping,2
towing,2
backed,2
weighs,2
drained,2
drugs,2
frigid,2
predictable,2
draped,2
canvass,2
weighing,2
reruns,2
greedy,2
bricks,2
nonessential,2
club,2
waking,2
nostalgia,2
bench,2
sharing,2
brains,2
twelve,2
loud,2
selfish,2
rubbing,2
terminal,2
excuse,2
hotel,2
recognize,2
remainder,2
sister,2
specialist,2
eyebal,2
interested,2
actively,2
thruster,2
controling,2
approaches,2
unscientific,2
covering,2
wild,2
father,2
blasted,2
grateful,2
boots,2
spool,2
capture,2
liked,2
pressurizing,2
pumps,2
coiled,2
coil,2
bubbles,2
contraption,2
distributed,2
treaty,2
country,2
applies,2
waters,2
permission,2
relatively,2
swear,2
goddamn,2
existing,2
occasions,2
reserved,2
washed,2
depress,2
ending,2
corners,2
galore,2
drawn,2
ghetto,2
scares,2
record,2
appeared,2
alignment,2
hero,2
gutting,2
standardized,2
purposes,2
monitored,2
james,2
concentration,2
section,2
terms,2
created,2
surprises,2
gauge,2
vanes,2
tarnishing,2
connecting,2
blushed,2
boulders,2
cooped,2
deflate,2
detaches,2
reverse,2
eager,2
motors,2
eerie,2
practicaly,2
travels,2
moves,2
transit,2
clocks,2
deimos,2
neighborhood,2
costs,2
backtrack,2
guard,2
rutherford,2
admittedly,2
possibility,2
beeline,2
northwest,2
producing,2
nightfal,2
potential,2
effectiveness,2
approach,2
campsite,2
southeast,2
harvested,2
recorded,2
logger,2
australia,2
freeway,2
southernmost,2
relaxation,2
accounting,2
device,2
apertures,2
taste,2
mountain,2
uneven,2
seemingly,2
precarious,2
scattered,2
accident,2
trashed,2
downhil,2
sandy,2
push,2
dune,2
leaped,2
hugged,2
leaping,2
auxiliary,2
blinked,2
simulations,2
tethers,2
infinitely,2
sanford,2
electrodes,2
evacuate,2
scowled,2
vision,2
sluggish,2
fighting,2
fluttering,2
tattered,2
deflect,2
thrusting,2
winced,2
poke,2
workstation,2
vacuo,2
flammables,2
joules,2
gef√§hrlich,2
embarrassed,2
rotated,2
handhold,2
latched,2
gripped,2
ribs,2
girl,2
sweetie,2
copyright,2
nightmare,1
mourning,1
wikipedia,1
mankind,1
expand,1
heroes,1
parades,1
fame,1
handshake,1
presume,1
layman,1
reactant,1
amazed,1
regale,1
tales,1
reliving,1
strangling,1
parachutes,1
fragile,1
bounce,1
opposed,1
events,1
understandably,1
whacked,1
extent,1
sandblasted,1
signals,1
acted,1
foundation,1
torrent,1
crashed,1
bulet,1
butter,1
awoke,1
obnoxious,1
roused,1
desire,1
groggily,1
punch,1
pelvis,1
oblique,1
evaporated,1
airflow,1
gunky,1
residue,1
gunk,1
gaps,1
relieve,1
absorbers,1
factor,1
expendable,1
risked,1
excessively,1
threatened,1
ironic,1
warnings,1
practicing,1
unbelievably,1
interfere,1
wincing,1
dizzied,1
limped,1
fumbled,1
injury,1
anesthetic,1
irrigate,1
antibiotics,1
locate,1
networked,1
spear,1
regulations,1
disposable,1
error,1
sentimentality,1
thirst,1
stock,1
redundancy,1
rosy,1
smashing,1
rendering,1
sweep,1
indoors,1
sturdy,1
solely,1
recapture,1
absorbs,1
saturates,1
drinking,1
distilery,1
condensing,1
foraging,1
bottle,1
nutritional,1
dose,1
specialties,1
returns,1
erased,1
scuffs,1
trail,1
specialized,1
cleanable,1
saturated,1
background,1
blocks,1
animal,1
combinations,1
grass,1
ferns,1
subjects,1
undergrad,1
studied,1
heaps,1
ounce,1
scoff,1
pathetic,1
attempts,1
global,1
ecosystem,1
scrap,1
biomatter,1
leftovers,1
bucket,1
biological,1
toilets,1
accumulated,1
discarded,1
desiccated,1
proteins,1
inundated,1
doom,1
dried,1
sprinkle,1
infection,1
infect,1
searched,1
peas,1
instance,1
beans,1
infinite,1
endeavor,1
croppable,1
powers,1
inefficient,1
wise,1
ache,1
shovels,1
foraged,1
eliminates,1
cals,1
fertile,1
disgusting,1
planter,1
curved,1
puked,1
sprinkled,1
counting,1
parent,1
funeral,1
doublings,1
depressed,1
prolificaly,1
continualy,1
trend,1
rests,1
algebra,1
class,1
period,1
efforts,1
hydrate,1
alowing,1
farmable,1
moisten,1
industry,1
race,1
individual,1
flowering,1
replant,1
annihilates,1
tactics,1
minimizing,1
expends,1
shoveling,1
whee,1
bleh,1
productive,1
assload,1
colectors,1
pissy,1
usable,1
mulched,1
refrigerated,1
crate,1
shrinks,1
harden,1
spaced,1
balmy,1
quicker,1
foul,1
weeds,1
compete,1
sproutable,1
tubers,1
albums,1
beggars,1
choosers,1
exposing,1
equalizes,1
standards,1
replenish,1
entries,1
exits,1
folk,1
whoosh,1
isolated,1
equalizer,1
dungeons,1
dragons,1
game,1
cleric,1
roper,1
idioticaly,1
recipe,1
laughable,1
indefinitely,1
trickier,1
raiding,1
sacrificing,1
ourselves,1
descended,1
decelerated,1
staged,1
chutes,1
manualy,1
extraordinarily,1
expectations,1
landings,1
owned,1
molecule,1
rockets,1
newly,1
fighter,1
occasionaly,1
extract,1
intermediate,1
sloppy,1
ensures,1
prevalent,1
helish,1
existence,1
abide,1
chrissie,1
cindy,1
fiasco,1
whopping,1
ingredients,1
execution,1
opportunities,1
fiery,1
continuously,1
chugging,1
furley,1
ropers,1
shade,1
fueling,1
meanwhile,1
excuses,1
charred,1
copying,1
lining,1
booties,1
goggles,1
chem,1
canned,1
toxic,1
lung,1
freed,1
kitchen,1
trash,1
limits,1
restricted,1
leaf,1
improve,1
thankfuly,1
surplus,1
murdering,1
johannsen,1
threads,1
aperture,1
retardant,1
synthetic,1
devout,1
catholic,1
wooden,1
cross,1
stubborn,1
chipped,1
sacred,1
item,1
splinters,1
pliers,1
ruining,1
icon,1
vulnerable,1
vampires,1
wood,1
bark,1
trees,1
sputtering,1
exothermic,1
thermocouple,1
caution,1
tropical,1
jungle,1
toddler,1
sane,1
blaring,1
booyah,1
dreamland,1
archeologist,1
fled,1
beefed,1
compressor,1
settle,1
dicking,1
greedily,1
souped,1
liar,1
domed,1
absorbing,1
topping,1
distributes,1
disturbing,1
merry,1
dammit,1
unburned,1
waved,1
analyzers,1
hiding,1
hydrogenvile,1
discharge,1
cowering,1
pays,1
balances,1
importing,1
kelvin,1
stores,1
interlocks,1
faults,1
sabotage,1
spray,1
flaw,1
rifling,1
chow,1
winters,1
hibernate,1
underground,1
warmer,1
sprouted,1
unoccupied,1
implementation,1
summoned,1
courage,1
temporary,1
nursery,1
jimmy,1
shivering,1
climbed,1
covers,1
memo,1
despite,1
swaggering,1
confidence,1
outwit,1
flatly,1
mattered,1
reprogramming,1
protocols,1
roms,1
becoming,1
separation,1
prevents,1
localized,1
throwing,1
outwitting,1
serving,1
fitted,1
sensors,1
reprogram,1
bastard,1
flashlights,1
bulbs,1
frayed,1
slung,1
crimped,1
overpower,1
crimp,1
flashlight,1
flashy,1
disarray,1
knees,1
groped,1
desperately,1
rushing,1
cranked,1
dizziness,1
faded,1
outsmart,1
shril,1
blared,1
clambered,1
sleves,1
lucked,1
explodey,1
exploding,1
machines,1
integrity,1
fluctuation,1
slides,1
microscope,1
beloved,1
theory,1
spiked,1
subsided,1
expansion,1
raising,1
permanently,1
raise,1
hence,1
transformation,1
mixes,1
feeds,1
inhaling,1
sucking,1
exhaled,1
occur,1
resuscitation,1
dumbassery,1
eardrums,1
shortfal,1
cistern,1
dukes,1
hazzard,1
whirl,1
nights,1
awful,1
softest,1
profoundly,1
featherbed,1
cleanup,1
sprouting,1
medicine,1
bacteriology,1
police,1
cruiser,1
roscoe,1
duke,1
arrest,1
scenic,1
unread,1
urgently,1
bravery,1
sacrifice,1
actions,1
eulogies,1
reminding,1
adversity,1
declined,1
authorizing,1
funded,1
shots,1
replacements,1
offer,1
partialy,1
requests,1
taper,1
closure,1
dredge,1
decompose,1
sympathy,1
framed,1
stream,1
monitoring,1
sounded,1
proposition,1
flicker,1
dispatch,1
posting,1
servers,1
recognized,1
curiosity,1
ashamed,1
scoured,1
fruitless,1
simultaneously,1
perusing,1
lips,1
specifics,1
mildly,1
quavered,1
touchdown,1
autodeploying,1
forming,1
sniffling,1
sobbed,1
shitstorm,1
retorted,1
noticing,1
autodeployed,1
outings,1
evidence,1
clincher,1
considerable,1
endanger,1
knowingly,1
alert,1
undistracted,1
devastated,1
emotional,1
trauma,1
statement,1
thoughtfuly,1
experts,1
supersurveyor,1
transmitter,1
asserted,1
grumpy,1
understandable,1
meteor,1
overlook,1
empirical,1
mingled,1
argued,1
reviewed,1
hourly,1
managers,1
flash,1
announcing,1
sectors,1
shamelessly,1
chuckle,1
commitment,1
informed,1
dedicating,1
segment,1
weekday,1
reporting,1
members,1
conclusions,1
stance,1
succeed,1
overriding,1
singular,1
gesturing,1
inherently,1
noble,1
stages,1
misused,1
misuse,1
adds,1
edging,1
psychology,1
aquaman,1
whales,1
mammals,1
conspired,1
disturbingly,1
entertained,1
proactive,1
importantly,1
flattest,1
journeys,1
explore,1
paths,1
loot,1
soaks,1
evolution,1
blooded,1
negligible,1
talkin,1
actually,1
balpark,1
blazing,1
twilight,1
sunny,1
pilfer,1
taxpayers,1
america,1
paneling,1
spoiled,1
earthlings,1
plugs,1
unrelated,1
circumference,1
loops,1
wagon,1
looped,1
weights,1
roughly,1
unplugging,1
splice,1
continuous,1
unplug,1
shal,1
kingdom,1
boxes,1
lattice,1
tunnels,1
abuse,1
admired,1
reap,1
insects,1
blights,1
maintains,1
moisture,1
anglophile,1
specials,1
mysterious,1
styles,1
musical,1
crescendo,1
henceforth,1
experimental,1
dogs,1
aborted,1
abnormaly,1
realistic,1
disabled,1
warms,1
warmed,1
chattering,1
numb,1
sulked,1
foiled,1
bind,1
quarter,1
gray,1
radioisotope,1
thermoelectric,1
bombs,1
unstable,1
isotope,1
literally,1
houses,1
catches,1
decreased,1
purely,1
advantages,1
glowing,1
exaggerating,1
insulated,1
leakage,1
causes,1
hangs,1
scrubbing,1
dirty,1
unacceptable,1
equipped,1
watt,1
disposing,1
parameters,1
ward,1
unusable,1
mutant,1
atop,1
except,1
cylinder,1
uncomfortably,1
rigging,1
declare,1
vandalizing,1
foam,1
burial,1
cycles,1
leech,1
techniques,1
reassembled,1
winning,1
untouched,1
nastier,1
choke,1
consumes,1
desks,1
cuddle,1
screw,1
adventure,1
lessons,1
differential,1
saturate,1
watered,1
chap,1
majestic,1
colects,1
needy,1
sling,1
prompted,1
aimlessly,1
incremental,1
stocking,1
analysts,1
necessarily,1
experimenting,1
proposal,1
lunar,1
eeeh,1
flower,1
beats,1
obligation,1
soaking,1
cracks,1
packing,1
detachable,1
traverse,1
coverage,1
trajectories,1
deserve,1
crossing,1
longevity,1
occupant,1
pipeline,1
unthinkable,1
alocations,1
stunts,1
circumstances,1
interdepartmental,1
squabbling,1
tens,1
dollars,1
staffed,1
hopefully,1
interest,1
congressman,1
sway,1
granting,1
slouched,1
heavily,1
conceivable,1
sneak,1
unconvinced,1
chatting,1
viewers,1
issued,1
honoring,1
recaled,1
print,1
penny,1
stamp,1
psychologist,1
microphone,1
clip,1
monthly,1
evaluations,1
mindset,1
inteligent,1
resourceful,1
humor,1
moodiness,1
exception,1
jokes,1
chosen,1
compatibility,1
interpretation,1
soul,1
studio,1
lading,1
origin,1
presumed,1
receivers,1
flutter,1
idealy,1
sees,1
watneymobile,1
keystrokes,1
shop,1
rounding,1
urgency,1
ruler,1
protested,1
yelow,1
dialing,1
brush,1
teeth,1
razor,1
reclamation,1
resealable,1
reeks,1
putter,1
bakes,1
taler,1
affairs,1
eons,1
sandstorms,1
plop,1
laziness,1
novels,1
someday,1
thoughts,1
pester,1
piles,1
jumpsuits,1
bedding,1
blanket,1
reckoning,1
sagan,1
respect,1
king,1
fossils,1
broad,1
featureless,1
wasteland,1
compass,1
whips,1
rises,1
geology,1
relied,1
symbolism,1
listed,1
alexandria,1
unremarkable,1
plains,1
bumpier,1
ejecta,1
plentiful,1
suspension,1
discernible,1
stomach,1
smely,1
nest,1
tattoos,1
centrifuge,1
vomit,1
comet,1
tattoo,1
moping,1
victory,1
spotted,1
twin,1
peaks,1
immobile,1
succeeded,1
lurked,1
fela,1
circling,1
crowbar,1
hinges,1
underneath,1
braided,1
redneck,1
stump,1
hoisted,1
confidently,1
occupied,1
hoist,1
baked,1
mirror,1
speling,1
egyptians,1
steeper,1
murder,1
panting,1
cheated,1
upped,1
bearable,1
stomped,1
smiles,1
secured,1
inbound,1
outgoing,1
timid,1
wanderer,1
stray,1
optimistic,1
geologists,1
haul,1
trucker,1
inexhaustible,1
tripe,1
steve,1
austin,1
fights,1
russian,1
inaccuracies,1
venusian,1
refuse,1
directives,1
aching,1
exercises,1
lecture,1
dreaded,1
upper,1
decay,1
simulator,1
trite,1
mope,1
gigantic,1
cavernous,1
celebratory,1
suffocated,1
exhaling,1
exhaustive,1
tolerable,1
lounged,1
relaxing,1
grid,1
stability,1
compeling,1
defense,1
electromagnetic,1
pained,1
comforting,1
caked,1
peek,1
lithium,1
thionyl,1
chloride,1
clues,1
thickness,1
lamp,1
winter,1
combines,1
meager,1
retain,1
leftover,1
torture,1
toolkit,1
poking,1
labels,1
shuffle,1
carpet,1
volts,1
gluing,1
controlers,1
brisk,1
identify,1
gutted,1
town,1
wayward,1
bets,1
triangulated,1
appropriately,1
angling,1
severely,1
hampers,1
intervening,1
sparkling,1
hears,1
initiated,1
unreliable,1
vxware,1
higain,1
logain,1
sensor,1
meteorology,1
acquired,1
cheers,1
slapped,1
heartily,1
antiquated,1
modern,1
formerly,1
spectators,1
squeezing,1
associated,1
satisfy,1
await,1
modestly,1
headsetted,1
doctorate,1
communicatin,1
panoramic,1
speculate,1
holbrook,1
dreadfuly,1
hurried,1
throng,1
loosening,1
tension,1
stripe,1
march,1
prom,1
label,1
batches,1
scratching,1
halucinogenic,1
irony,1
alphabet,1
numerical,1
hexadecimal,1
punctuation,1
wealth,1
completion,1
successfully,1
cultivated,1
impaled,1
fragment,1
satellites,1
resume,1
forgive,1
punchy,1
pale,1
duplicate,1
inversion,1
management,1
frequency,1
pretend,1
triangulate,1
types,1
probed,1
bastards,1
enlighten,1
patiently,1
conspiratorialy,1
parses,1
identifies,1
ignores,1
codebase,1
executable,1
edit,1
autographed,1
trek,1
pose,1
christmas,1
gymnastics,1
lnchhexiditonrvrcmp,1
llsndnxtmsg,1
standinvie,1
hexedit,1
scrol,1
index,1
copied,1
fonz,1
admonished,1
mocked,1
programmers,1
programmer,1
statisticaly,1
disposal,1
stands,1
consumer,1
review,1
product,1
specialy,1
timward,1
instant,1
updated,1
rebroadcast,1
executes,1
reboots,1
linux,1
server,1
schiaparelli,1
sustainability,1
boobs,1
argue,1
overrode,1
amongst,1
peacefuly,1
chorus,1
groans,1
prodded,1
crisply,1
career,1
mornings,1
forte,1
lumbered,1
smoothing,1
wrinkles,1
inwardly,1
grimy,1
hugging,1
noisy,1
shine,1
blearily,1
uncle,1
unwiling,1
rousted,1
troops,1
eggs,1
tossed,1
sausages,1
stereotype,1
proffered,1
sunshine,1
mnrrn,1
grunted,1
wakefulness,1
crept,1
bumped,1
eastward,1
union,1
distinguished,1
flickered,1
rays,1
accented,1
greatly,1
improved,1
alowed,1
upgraded,1
severe,1
roaring,1
gusting,1
windspeed,1
predictions,1
assault,1
bent,1
shivered,1
louder,1
grouped,1
battered,1
shore,1
huffed,1
wheezed,1
anchors,1
wreckage,1
choking,1
commanded,1
booted,1
switches,1
transmitting,1
checksum,1
plaintext,1
morosely,1
tips,1
throttle,1
reluctantly,1
obeyed,1
punishing,1
remembering,1
anticipating,1
attacking,1
squeezed,1
grasping,1
insubordination,1
detect,1
glaring,1
stern,1
creaking,1
tilted,1
buckling,1
metric,1
lumbering,1
aerodynamic,1
caps,1
bumpy,1
postulated,1
cutoff,1
cycled,1
dared,1
retaining,1
ejected,1
gantry,1
preignition,1
pyros,1
lurched,1
sensing,1
consumed,1
pronounced,1
exponential,1
ports,1
tapered,1
afterthought,1
abruptly,1
oppressive,1
celebration,1
sobbing,1
loathe,1
fern,1
photos,1
timing,1
earnest,1
artificial,1
exercise,1
regimens,1
heart,1
hovered,1
party,1
dispatched,1
agape,1
censored,1
boils,1
stunned,1
ceased,1
inconsolable,1
barren,1
unreachable,1
pleadingly,1
deyo,1
plastics,1
limitless,1
sandwiched,1
polymer,1
sheets,1
coated,1
micromanage,1
dipshits,1
ignore,1
arrogant,1
athletes,1
actors,1
actresses,1
coolest,1
neil,1
armstrong,1
craps,1
dots,1
dashes,1
sterilized,1
cleanroom,1
dividing,1
squares,1
series,1
rigorous,1
sewn,1
resealed,1
independently,1
verifying,1
measurements,1
approved,1
meddling,1
grudgingly,1
admitted,1
fleshed,1
bought,1
radios,1
fuckwits,1
ghost,1
nanny,1
roomier,1
steamy,1
claustrophobic,1
printing,1
sticker,1
charter,1
flown,1
edwards,1
california,1
abnormally,1
transported,1
convoy,1
bodysuits,1
packages,1
ayup,1
straw,1
suspenders,1
prolific,1
bilions,1
dolars,1
dining,1
enjoyment,1
ripe,1
replanting,1
organic,1
season,1
formats,1
boogie,1
fever,1
avoidable,1
investigation,1
inevitably,1
refute,1
prostitutes,1
sisters,1
consecutive,1
maneuvers,1
fell,1
unceremoniously,1
rolling,1
urinating,1
champion,1
filtering,1
evaporate,1
incident,1
element,1
instructs,1
meetings,1
following,1
mating,1
erecting,1
setup,1
riddled,1
paraphrase,1
clog,1
deliberation,1
adversarial,1
wipe,1
initiative,1
faceless,1
bureaucrats,1
dismantled,1
clogged,1
purify,1
mineral,1
paraphrased,1
withstanding,1
greater,1
tempest,1
allowed,1
millimeters,1
usually,1
microns,1
midst,1
concealed,1
preferred,1
expanded,1
relaxed,1
anew,1
stressing,1
weakening,1
category,1
howling,1
damaged,1
logicaly,1
harm,1
sweaty,1
inevitable,1
honored,1
tradition,1
hearty,1
snow,1
claimed,1
teach,1
appeal,1
wuss,1
suggested,1
shed,1
migration,1
donning,1
apprehension,1
merely,1
exiting,1
milimeter,1
prevented,1
abuses,1
horizontal,1
tenth,1
propagated,1
unopposed,1
expulsion,1
shattering,1
knocking,1
senseless,1
tumbled,1
padding,1
blankly,1
shattered,1
gash,1
regaining,1
wits,1
junkyard,1
hissing,1
whack,1
calming,1
snakes,1
pinbal,1
smashed,1
notoriously,1
uncooperative,1
deeply,1
asset,1
involve,1
arsonist,1
fireproof,1
toolbox,1
knife,1
hairs,1
garbage,1
luxuries,1
muck,1
percentage,1
bumping,1
bums,1
replaces,1
movements,1
disappearing,1
cinch,1
binary,1
hardens,1
dutch,1
slap,1
slows,1
rips,1
anticlimactic,1
coulda,1
elbow,1
adhesive,1
scooped,1
counted,1
laughing,1
profanities,1
overpressurize,1
bowed,1
threatening,1
backfils,1
centimeter,1
captured,1
divided,1
scrounge,1
patching,1
sublimating,1
trundle,1
eighth,1
airborne,1
hurl,1
technique,1
tries,1
generaly,1
convince,1
equalizing,1
fastest,1
strenuous,1
version,1
objects,1
jumbled,1
trudging,1
naively,1
expedition,1
communicates,1
responding,1
panicked,1
scramble,1
interchangeable,1
overnighters,1
arch,1
folding,1
surmountable,1
catastrophe,1
extinct,1
earthworms,1
averaging,1
satellite,1
cannon,1
issues,1
fatigue,1
pressurization,1
stressed,1
exam,1
stare,1
wall,1
brows,1
exasperation,1
balgame,1
goodbye,1
toshi,1
robust,1
complaints,1
camper,1
greek,1
heavens,1
rainbows,1
iluminated,1
computations,1
astrodynamicist,1
reversed,1
chalenging,1
vetting,1
officially,1
accepted,1
small,1
vary,1
positioned,1
heck,1
furrowing,1
departments,1
turf,1
opted,1
oversee,1
cruise,1
stein,1
boosters,1
upright,1
disassembly,1
corrosive,1
money,1
slip,1
surgeon,1
calorie,1
supplements,1
starves,1
hunger,1
malnourished,1
faculties,1
decline,1
shortened,1
deforms,1
warps,1
shorten,1
invalidate,1
suggesting,1
skip,1
steeping,1
grounds,1
speeding,1
frowning,1
malnutrition,1
notwithstanding,1
asses,1
concentrated,1
landfil,1
charts,1
packaging,1
forcefuly,1
assigned,1
satisfied,1
weekly,1
analogy,1
whiteroom,1
abuzz,1
retracted,1
alocated,1
chuckles,1
warner,1
spoke,1
recourse,1
financialy,1
florida,1
clcdr,1
talker,1
resting,1
cloudy,1
vapor,1
stenciled,1
administrator,1
gaze,1
fixated,1
displays,1
lies,1
borderline,1
crimes,1
worthwhile,1
afforded,1
tuned,1
foreign,1
rapt,1
wrung,1
motionless,1
prayed,1
television,1
verbal,1
grandstands,1
entrenched,1
coworkers,1
migrated,1
unusualy,1
spectacle,1
indicating,1
harmlessly,1
atlantic,1
ocean,1
cubed,1
deploy,1
tumble,1
impacted,1
simultaneous,1
vibration,1
liquefaction,1
earthquake,1
transformed,1
substance,1
slosh,1
imbalanced,1
aggravated,1
accelerometers,1
implemented,1
jettisoned,1
solidified,1
contending,1
sustain,1
sheared,1
burden,1
forceful,1
swapped,1
presented,1
unequal,1
defective,1
bulb,1
woah,1
precession,1
beeped,1
flashed,1
consoles,1
workin,1
zeroed,1
comment,1
affirm,1
dradeling,1
reestablish,1
acquisition,1
destroyer,1
stockton,1
matches,1
uttered,1
hopes,1
despondent,1
extracted,1
darkened,1
doubt,1
chime,1
bullshit,1
blunt,1
outcome,1
examined,1
expansive,1
agreements,1
apply,1
amounted,1
conceal,1
strategic,1
mercury,1
heliology,1
shrouded,1
infer,1
openness,1
payloads,1
interruption,1
expectantly,1
pacing,1
notable,1
shielding,1
limitation,1
approached,1
ministry,1
spreads,1
disinformation,1
capabilities,1
argument,1
reimbursing,1
favors,1
reimbursement,1
payout,1
clasped,1
sentimental,1
trade,1
negotiation,1
diplomats,1
resolve,1
fait,1
canceling,1
selected,1
insist,1
wryly,1
outsold,1
ours,1
chick,1
walls,1
telling,1
jacket,1
switchblade,1
aspire,1
coolness,1
chat,1
commanding,1
unfairly,1
jaded,1
wanking,1
sixty,1
incredulous,1
pulverized,1
whiteboard,1
organizational,1
chart,1
aerosol,1
propelant,1
navigational,1
peeking,1
wrapped,1
sheaf,1
disorganized,1
scores,1
triumphantly,1
saddened,1
annoyance,1
pfft,1
snatched,1
skimmed,1
wider,1
backfired,1
explaining,1
tubes,1
zzzzzzzzzz,1
struggle,1
titration,1
suspect,1
villain,1
accent,1
momentous,1
bruge,1
lord,1
rings,1
seating,1
astrodynamicists,1
shittin,1
decelerate,1
entail,1
provisions,1
arriving,1
mary,1
gaped,1
chimed,1
capability,1
hesitate,1
disapproving,1
glare,1
discussing,1
disagree,1
resupplying,1
automated,1
jeez,1
internaly,1
dire,1
follow,1
honest,1
dude,1
regret,1
secretly,1
connotation,1
veiled,1
rampant,1
elite,1
losses,1
infantile,1
tantrums,1
adults,1
riskier,1
join,1
emotionaly,1
clearly,1
gambling,1
stormed,1
slumped,1
nervously,1
testosterone,1
bals,1
commanders,1
outcomes,1
differently,1
psychic,1
hairy,1
collars,1
orientation,1
astrophysicist,1
navigator,1
laughably,1
barring,1
astrodynamics,1
functions,1
visiting,1
sorting,1
worthy,1
upload,1
responses,1
cached,1
titled,1
unsere,1
grammar,1
teacher,1
affectionately,1
kids,1
affen,1
attempting,1
viewer,1
unreadable,1
nearing,1
bedtime,1
header,1
download,1
editor,1
mein,1
gott,1
scant,1
consisting,1
amidships,1
conclude,1
digest,1
cloak,1
dagger,1
whoever,1
snuck,1
expressly,1
consequences,1
unplanned,1
grin,1
undo,1
comms,1
hacker,1
peer,1
selves,1
ranks,1
skil,1
leadership,1
qualities,1
subordinates,1
performance,1
protocol,1
unscheduled,1
impractical,1
confused,1
reads,1
missile,1
advise,1
correction,1
irreversible,1
somebody,1
innocently,1
title,1
ring,1
plates,1
fumed,1
alleged,1
policy,1
allegedly,1
endings,1
whomever,1
judgment,1
prove,1
accepts,1
nannies,1
recommend,1
aforementioned,1
jaunt,1
epic,1
shortcuts,1
mods,1
cries,1
approximated,1
fevered,1
granny,1
clampett,1
style,1
assistant,1
projects,1
expects,1
pulls,1
amps,1
modifying,1
instructed,1
strung,1
rewire,1
rewiring,1
shaped,1
jackhammer,1
charger,1
whirled,1
description,1
calling,1
remain,1
interlock,1
hitched,1
awesomely,1
neglected,1
cots,1
hammocks,1
counts,1
unraveled,1
worshiped,1
explosively,1
decker,1
trusty,1
taps,1
sensed,1
conduct,1
accumulates,1
awww,1
indulge,1
dipping,1
nelies,1
mystery,1
journals,1
theme,1
song,1
appropriate,1
candidates,1
bowie,1
elton,1
john,1
naturally,1
gilbert,1
stayin,1
gees,1
encouraging,1
wonderfuly,1
pockets,1
survivable,1
stave,1
extinction,1
tenacious,1
divots,1
optimist,1
lunchtime,1
chess,1
kicked,1
ruination,1
heralded,1
observations,1
wine,1
interrupt,1
systemic,1
reset,1
redo,1
lounge,1
brigade,1
hacked,1
client,1
cheat,1
instruction,1
ping,1
unanswered,1
answering,1
fail,1
attempted,1
recoverable,1
fetched,1
reattach,1
development,1
horrible,1
realities,1
burnt,1
oxidization,1
unaffected,1
sandblasting,1
shredded,1
conductive,1
irreplaceable,1
operates,1
frying,1
electrocute,1
amend,1
stupidity,1
fried,1
unchanged,1
winnebago,1
soak,1
cutbacks,1
attempt,1
breakthrough,1
heats,1
zirconia,1
quantity,1
corrects,1
worthless,1
analyzes,1
spectroscopy,1
separates,1
amounts,1
acutely,1
aware,1
ranges,1
unheated,1
worlds,1
solidifies,1
drowsy,1
drunk,1
freezes,1
reheating,1
popsicle,1
homicidal,1
radiated,1
reheat,1
drum,1
basalt,1
whined,1
blistering,1
thril,1
impressed,1
pushy,1
exacted,1
revenge,1
budget,1
whining,1
hooray,1
bury,1
puppy,1
spews,1
baffles,1
generates,1
wore,1
invention,1
hammock,1
bathtub,1
shalow,1
input,1
rationalization,1
hell,1
chiropractors,1
stowed,1
minimize,1
liberate,1
lets,1
arrange,1
stopping,1
overdo,1
stacking,1
beverly,1
hilbilies,1
truck,1
counterweight,1
whence,1
reinstaled,1
hooks,1
lean,1
lash,1
accommodate,1
lasts,1
vowed,1
shaping,1
bolted,1
sophistication,1
arrangement,1
lashing,1
deceleration,1
baby,1
unloaded,1
aggressive,1
premium,1
passengers,1
yanked,1
decrease,1
tetris,1
calender,1
screws,1
mortal,1
melissa,1
babe,1
bulkhead,1
realtime,1
spin,1
abba,1
reprints,1
shudder,1
gate,1
massaging,1
moaned,1
forms,1
officials,1
luggage,1
weary,1
travelers,1
beijing,1
capital,1
airport,1
terminals,1
citizens,1
simpler,1
scanned,1
convenience,1
gentlemen,1
casual,1
attire,1
sanders,1
official,1
guests,1
bypass,1
monkeys,1
eliza,1
junior,1
victor,1
goalkeeper,1
excellent,1
visits,1
blessing,1
worsened,1
doctors,1
alex,1
promised,1
translated,1
hospitality,1
arranged,1
universal,1
especially,1
ethic,1
translating,1
multiple,1
roles,1
biologist,1
pilots,1
married,1
lecherous,1
scotty,1
fixes,1
linkage,1
concerns,1
reservations,1
concerned,1
effigy,1
waving,1
playground,1
cred,1
volunteered,1
kindergarten,1
memories,1
defensively,1
matching,1
rush,1
chris,1
groceries,1
bases,1
handkerchief,1
mopped,1
balding,1
lamented,1
district,1
sales,1
manager,1
napkin,1
factory,1
daughter,1
scientificaly,1
student,1
nerdy,1
scared,1
knots,1
respected,1
exchange,1
youngest,1
uncharacteristicaly,1
wafted,1
naked,1
deafening,1
roar,1
dwindled,1
distant,1
rumbling,1
thunder,1
enthusiasticaly,1
sideways,1
researchers,1
souls,1
waged,1
sturdiest,1
warehouse,1
legacy,1
delivery,1
stats,1
nominal,1
rotational,1
aligning,1
orienting,1
clanks,1
services,1
closing,1
unload,1
eaten,1
tastiest,1
flexing,1
muscle,1
mexican,1
recap,1
bulging,1
imaginatively,1
spares,1
fairly,1
injure,1
improvement,1
submerge,1
spiral,1
medium,1
irregular,1
superheat,1
melt,1
frustrated,1
remembered,1
plopped,1
bubbled,1
agitated,1
established,1
reattached,1
laws,1
claim,1
territory,1
maritime,1
owns,1
commandeer,1
explicitly,1
judge,1
cake,1
detail,1
juts,1
sciapareli,1
gentler,1
descend,1
reeked,1
odor,1
colege,1
abject,1
misery,1
lifeboat,1
basis,1
sphere,1
unfolds,1
segments,1
hexagon,1
hexes,1
crude,1
cower,1
sizes,1
lopsided,1
theoreticaly,1
names,1
departure,1
hemorrhoids,1
hostile,1
dissolved,1
inventory,1
pens,1
bottles,1
cleanly,1
supported,1
reenforcing,1
maintained,1
elegant,1
mangling,1
armor,1
talcum,1
scraped,1
backfiling,1
puffed,1
hunch,1
taxing,1
depend,1
ugly,1
surgery,1
connector,1
hacking,1
floors,1
bump,1
regulated,1
noticeable,1
hatchway,1
resealing,1
facts,1
grainy,1
encouragement,1
whiskey,1
sours,1
bang,1
mistress,1
moon,1
dispense,1
wedgie,1
grim,1
spaces,1
sealant,1
patterns,1
likes,1
realignment,1
seventeen,1
enhanced,1
enhancing,1
arranging,1
responsibilities,1
examining,1
demotion,1
glorified,1
peeping,1
identifying,1
outlets,1
senators,1
presents,1
symptoms,1
poisoning,1
dent,1
reassembling,1
intrepid,1
puls,1
noting,1
spike,1
logically,1
unnerving,1
depended,1
removal,1
unsuspecting,1
devoid,1
starring,1
hates,1
headache,1
mansion,1
headaches,1
suffer,1
developed,1
arbitrarily,1
represents,1
shortest,1
gang,1
developments,1
carter,1
meteorologists,1
developing,1
hinder,1
clouds,1
finds,1
aspects,1
concession,1
abomination,1
universities,1
balast,1
assignments,1
vasimr,1
occurs,1
braid,1
dial,1
radiating,1
tarnish,1
reduces,1
dissipation,1
veins,1
limping,1
cook,1
climate,1
coolant,1
awkwardly,1
spacious,1
wired,1
hauntingly,1
familiar,1
isolates,1
hatch,1
repressurizes,1
ultimately,1
inflates,1
extension,1
inflation,1
indistinguishable,1
unemployed,1
converted,1
robbed,1
looted,1
combustible,1
homage,1
fans,1
creepy,1
describe,1
machinery,1
utterly,1
convey,1
heartbeat,1
waxing,1
philosophical,1
bust,1
psychological,1
milestone,1
scheme,1
unfurl,1
chassis,1
chil,1
carving,1
abating,1
darker,1
notices,1
tragedy,1
dissipate,1
unexpectedly,1
powerless,1
friday,1
obstacles,1
consists,1
region,1
polaris,1
markings,1
earliest,1
inventing,1
boat,1
pendulums,1
boats,1
ridiculously,1
guaranteed,1
formula,1
successive,1
approximation,1
zoomed,1
encampment,1
timestamp,1
changing,1
incline,1
adicalia,1
pascals,1
intersections,1
poorly,1
maze,1
observant,1
labeling,1
correlate,1
alowance,1
whichever,1
obstacle,1
southern,1
microwave,1
steaming,1
soldiered,1
bleak,1
thrown,1
caling,1
becquerel,1
impunity,1
comparatively,1
rockier,1
feared,1
strata,1
landmark,1
surprising,1
bound,1
slopes,1
avoided,1
buffer,1
underperformed,1
transits,1
sighted,1
craaaaap,1
grandchildren,1
uphil,1
vantage,1
stunning,1
haze,1
uncommon,1
hazier,1
expanses,1
weirder,1
thieves,1
clearer,1
distinct,1
curvature,1
symmetry,1
bothered,1
suspicious,1
asymmetrical,1
fuckload,1
hustle,1
overwhelmed,1
taping,1
aluminum,1
foil,1
recent,1
cocked,1
fumbling,1
dialed,1
exploring,1
yesterdays,1
regenerate,1
goals,1
dissipates,1
skies,1
enveloped,1
comparing,1
stool,1
shaky,1
film,1
ruin,1
underside,1
rechargeable,1
nighttime,1
thereof,1
mighty,1
stocked,1
ambient,1
abstract,1
idaho,1
dined,1
belated,1
earmarked,1
inch,1
downloaded,1
recordings,1
paints,1
highway,1
headway,1
alcove,1
pythagoras,1
boned,1
evil,1
book,1
linda,1
marshal,1
murderer,1
pissing,1
website,1
regen,1
catastrophicaly,1
meridiani,1
striking,1
relevant,1
defiled,1
historical,1
sites,1
furl,1
lesson,1
casualy,1
hatchet,1
jobs,1
flap,1
unrol,1
reusable,1
rescues,1
dictated,1
fuckton,1
headroom,1
swaths,1
permanent,1
smoothly,1
rephrase,1
giovanni,1
favorite,1
eroded,1
rocky,1
crest,1
aeons,1
zone,1
avenue,1
milennium,1
flush,1
lengthened,1
interactions,1
born,1
compress,1
differing,1
densities,1
rates,1
talc,1
bitterly,1
inhabitant,1
routinely,1
boulder,1
alternatives,1
descending,1
invisible,1
hints,1
purchase,1
neatly,1
torsion,1
brittle,1
twig,1
plunged,1
shuddering,1
abrupt,1
dryer,1
projection,1
rectangles,1
footsteps,1
disturbance,1
trench,1
starburst,1
banged,1
indication,1
unwel,1
crisis,1
toppled,1
curled,1
cowered,1
junction,1
unacceptably,1
durable,1
flung,1
switched,1
instaled,1
righting,1
tackle,1
aloud,1
parties,1
voyeur,1
paparazzi,1
doubles,1
infamous,1
unplugged,1
taut,1
archimedes,1
untied,1
subsystem,1
beers,1
royaly,1
bend,1
moonlight,1
flip,1
somersault,1
tying,1
slide,1
hopped,1
dragging,1
nosed,1
dumbstruck,1
hating,1
regulation,1
thus,1
bled,1
curious,1
sweltering,1
puddled,1
topped,1
tires,1
unscathed,1
transferred,1
reconnected,1
freak,1
queen,1
lovemaking,1
ladies,1
traction,1
beat,1
motivation,1
surveyed,1
modification,1
hurdles,1
venue,1
application,1
wednesday,1
sandusky,1
lived,1
slowest,1
cautious,1
mirrors,1
outing,1
infuriating,1
cars,1
blare,1
horns,1
hazard,1
pace,1
pits,1
encounter,1
flattened,1
overdone,1
occasion,1
tastes,1
recharged,1
abbreviated,1
stoked,1
pretending,1
exceptionally,1
methods,1
radial,1
southwestern,1
conical,1
gleaming,1
scrambling,1
beholding,1
fists,1
clenched,1
knelt,1
repeatedly,1
embrace,1
perform,1
fatigued,1
akimbo,1
marvel,1
champagne,1
diagram,1
electrolyzes,1
versus,1
gimmies,1
passenger,1
saves,1
harnessing,1
nailed,1
ditching,1
piloting,1
dramaticaly,1
reacquire,1
streamlining,1
resistance,1
nixing,1
invasive,1
electrolyzing,1
shortly,1
convertible,1
aerodynamics,1
ragtop,1
whereby,1
inflate,1
flies,1
workspace,1
lunatics,1
rape,1
clutter,1
strangely,1
pristine,1
pity,1
scowling,1
colision,1
accusingly,1
malfunctioning,1
resetting,1
diminished,1
tolerance,1
jumping,1
leeway,1
milimeters,1
leash,1
pesky,1
disassemble,1
improvising,1
script,1
geniuses,1
periodicaly,1
gross,1
safeties,1
hurray,1
hello,1
conflicts,1
retrofit,1
motherfuckers,1
passionate,1
highest,1
yuri,1
gagarin,1
soviet,1
ships,1
deathtraps,1
halted,1
upcoming,1
spooled,1
glitches,1
unconscious,1
drama,1
observers,1
trafalgar,1
tienanmen,1
monitors,1
breathlessly,1
clutched,1
representative,1
disturb,1
preflight,1
mild,1
crowds,1
worldwide,1
latency,1
speakers,1
proceed,1
synched,1
supposedly,1
cracking,1
knuckles,1
squashed,1
clamped,1
visit,1
visors,1
mooring,1
rumbled,1
anticipation,1
incredible,1
shoved,1
grunt,1
anticipated,1
flapped,1
exponentialy,1
tunnel,1
widening,1
distracted,1
bulkheads,1
tighten,1
loosen,1
flapping,1
consciousness,1
accelerometer,1
automatic,1
interval,1
intensely,1
calculation,1
shakily,1
quaver,1
whoa,1
strained,1
speaker,1
murmur,1
vips,1
frustration,1
miles,1
biomonitor,1
blissful,1
unconsciousness,1
foggy,1
awareness,1
transitioned,1
reality,1
tatters,1
unobstructed,1
wispy,1
fuzzy,1
glove,1
eyebaling,1
fataly,1
offsets,1
vehicular,1
parting,1
dumbfounded,1
jogging,1
pragmaticaly,1
blows,1
momentum,1
activate,1
threaded,1
trigger,1
pausing,1
jely,1
latch,1
climber,1
memorials,1
losers,1
hydrocarbons,1
grains,1
releasing,1
dynamite,1
measured,1
beaker,1
firebal,1
concussive,1
trus,1
destructive,1
stripped,1
kissed,1
depressurizing,1
handrail,1
deactivated,1
stripping,1
fiddled,1
arrived,1
twisted,1
aerobrake,1
lockdown,1
backward,1
bout,1
fore,1
executing,1
jammed,1
unstowing,1
crank,1
increasing,1
helpless,1
consolation,1
brace,1
flowed,1
fizzle,1
uncontroled,1
conflagration,1
miliseconds,1
shreds,1
blasting,1
inconsistent,1
jerky,1
score,1
gripping,1
thrusted,1
presumption,1
sessions,1
coast,1
aaaaand,1
loomed,1
beckoned,1
extending,1
firming,1
colided,1
outa,1
display,1
absorber,1
speeds,1
tense,1
abate,1
reel,1
handholds,1
cried,1
scene,1
parks,1
civic,1
centers,1
classrooms,1
haggardly,1
wanting,1
distract,1
muted,1
screamed,1
corridor,1
repressurize,1
bandages,1
stench,1
reunion,1
shuttled,1
painkilers,1
sickness,1
apparently,1
skunk,1
socks,1
happiest,1
slices,1
pizza,1
coke,1
pizzeria,1
impart,1
strayed,1
scolded,1
herding,1
sidewalk,1
afternoon,1
info,1
andy,1
weir,1
rights,1
fonts,1
redistribution,1
